stimulus_id,score
1000.0,5.0
1000.0,5.0
1000.0,4.0
1000.0,4.0
1000.0,5.0
1000.0,4.0
1000.0,5.0
1000.0,5.0
1000.0,4.0
1000.0,5.0
1000.0,5.0
1000.0,5.0
1000.0,4.0
1000.0,4.0
1000.0,5.0
1000.0,5.0
1000.0,4.0
1000.0,4.0
1000.0,4.0
1000.0,5.0
1000.0,4.0
1000.0,5.0
1000.0,5.0
1000.0,5.0
1001.0,2.0
1001.0,3.0
1001.0,1.0
1001.0,2.0
1001.0,2.0
1001.0,1.0
1001.0,3.0
1001.0,1.0
1001.0,3.0
1001.0,2.0
1001.0,2.0
1001.0,3.0
1001.0,1.0
1001.0,3.0
1001.0,2.0
1001.0,3.0
1001.0,2.0
1001.0,1.0
1001.0,1.0
1001.0,1.0
1001.0,2.0
1001.0,1.0
1001.0,2.0
1001.0,2.0
1002.0,2.0
1002.0,2.0
1002.0,1.0
1002.0,2.0
1002.0,1.0
1002.0,2.0
1002.0,3.0
1002.0,2.0
1002.0,3.0
1002.0,3.0
1002.0,1.0
1002.0,2.0
1002.0,2.0
1002.0,3.0
1002.0,1.0
1002.0,1.0
1002.0,1.0
1002.0,1.0
1002.0,2.0
1002.0,2.0
1002.0,2.0
1002.0,1.0
1002.0,1.0
1002.0,2.0
1003.0,1.0
1003.0,1.0
1003.0,1.0
1003.0,1.0
1003.0,1.0
1003.0,2.0
1003.0,2.0
1003.0,1.0
1003.0,3.0
1003.0,1.0
1003.0,1.0
1003.0,1.0
1003.0,1.0
1003.0,1.0
1003.0,2.0
1003.0,1.0
1003.0,1.0
1003.0,1.0
1003.0,1.0
1003.0,2.0
1003.0,1.0
1003.0,1.0
1003.0,1.0
1003.0,1.0
1004.0,1.0
1004.0,1.0
1004.0,1.0
1004.0,1.0
1004.0,1.0
1004.0,1.0
1004.0,3.0
1004.0,1.0
1004.0,1.0
1004.0,1.0
1004.0,1.0
1004.0,1.0
1004.0,1.0
1004.0,1.0
1004.0,1.0
1004.0,1.0
1004.0,1.0
1004.0,1.0
1004.0,1.0
1004.0,1.0
1004.0,1.0
1004.0,1.0
1004.0,1.0
1004.0,1.0
1005.0,2.0
1005.0,2.0
1005.0,2.0
1005.0,2.0
1005.0,2.0
1005.0,1.0
1005.0,3.0
1005.0,2.0
1005.0,3.0
1005.0,2.0
1005.0,1.0
1005.0,1.0
1005.0,2.0
1005.0,2.0
1005.0,2.0
1005.0,2.0
1005.0,3.0
1005.0,1.0
1005.0,1.0
1005.0,2.0
1005.0,2.0
1005.0,2.0
1005.0,1.0
1005.0,2.0
1006.0,3.0
1006.0,3.0
1006.0,3.0
1006.0,3.0
1006.0,2.0
1006.0,2.0
1006.0,3.0
1006.0,3.0
1006.0,4.0
1006.0,3.0
1006.0,2.0
1006.0,3.0
1006.0,3.0
1006.0,4.0
1006.0,2.0
1006.0,3.0
1006.0,3.0
1006.0,2.0
1006.0,3.0
1006.0,4.0
1006.0,2.0
1006.0,3.0
1006.0,2.0
1006.0,5.0
1007.0,2.0
1007.0,3.0
1007.0,3.0
1007.0,2.0
1007.0,2.0
1007.0,2.0
1007.0,3.0
1007.0,3.0
1007.0,3.0
1007.0,3.0
1007.0,2.0
1007.0,3.0
1007.0,3.0
1007.0,2.0
1007.0,1.0
1007.0,2.0
1007.0,2.0
1007.0,2.0
1007.0,3.0
1007.0,3.0
1007.0,2.0
1007.0,3.0
1007.0,1.0
1007.0,3.0
1008.0,1.0
1008.0,3.0
1008.0,1.0
1008.0,2.0
1008.0,1.0
1008.0,1.0
1008.0,1.0
1008.0,2.0
1008.0,2.0
1008.0,1.0
1008.0,1.0
1008.0,1.0
1008.0,3.0
1008.0,1.0
1008.0,1.0
1008.0,1.0
1008.0,1.0
1008.0,1.0
1008.0,1.0
1008.0,1.0
1008.0,1.0
1008.0,1.0
1008.0,1.0
1008.0,2.0
1009.0,3.0
1009.0,3.0
1009.0,2.0
1009.0,3.0
1009.0,3.0
1009.0,2.0
1009.0,3.0
1009.0,3.0
1009.0,3.0
1009.0,3.0
1009.0,3.0
1009.0,4.0
1009.0,2.0
1009.0,4.0
1009.0,2.0
1009.0,3.0
1009.0,2.0
1009.0,2.0
1009.0,2.0
1009.0,3.0
1009.0,2.0
1009.0,2.0
1009.0,2.0
1009.0,5.0
1010.0,4.0
1010.0,4.0
1010.0,5.0
1010.0,5.0
1010.0,5.0
1010.0,3.0
1010.0,4.0
1010.0,5.0
1010.0,4.0
1010.0,4.0
1010.0,4.0
1010.0,4.0
1010.0,4.0
1010.0,5.0
1010.0,3.0
1010.0,4.0
1010.0,4.0
1010.0,3.0
1010.0,3.0
1010.0,5.0
1010.0,3.0
1010.0,5.0
1010.0,3.0
1010.0,5.0
1011.0,5.0
1011.0,4.0
1011.0,5.0
1011.0,5.0
1011.0,4.0
1011.0,4.0
1011.0,4.0
1011.0,5.0
1011.0,5.0
1011.0,4.0
1011.0,4.0
1011.0,4.0
1011.0,4.0
1011.0,4.0
1011.0,3.0
1011.0,4.0
1011.0,4.0
1011.0,4.0
1011.0,4.0
1011.0,4.0
1011.0,4.0
1011.0,5.0
1011.0,4.0
1011.0,5.0
1012.0,3.0
1012.0,3.0
1012.0,4.0
1012.0,2.0
1012.0,3.0
1012.0,4.0
1012.0,3.0
1012.0,3.0
1012.0,3.0
1012.0,3.0
1012.0,3.0
1012.0,4.0
1012.0,3.0
1012.0,2.0
1012.0,2.0
1012.0,3.0
1012.0,4.0
1012.0,2.0
1012.0,3.0
1012.0,3.0
1012.0,4.0
1012.0,3.0
1012.0,2.0
1012.0,3.0
1013.0,3.0
1013.0,4.0
1013.0,2.0
1013.0,3.0
1013.0,2.0
1013.0,2.0
1013.0,3.0
1013.0,3.0
1013.0,3.0
1013.0,2.0
1013.0,2.0
1013.0,4.0
1013.0,3.0
1013.0,3.0
1013.0,1.0
1013.0,3.0
1013.0,3.0
1013.0,2.0
1013.0,2.0
1013.0,2.0
1013.0,1.0
1013.0,2.0
1013.0,2.0
1013.0,3.0
1014.0,1.0
1014.0,1.0
1014.0,1.0
1014.0,1.0
1014.0,1.0
1014.0,2.0
1014.0,1.0
1014.0,1.0
1014.0,2.0
1014.0,2.0
1014.0,2.0
1014.0,2.0
1014.0,1.0
1014.0,2.0
1014.0,1.0
1014.0,1.0
1014.0,1.0
1014.0,2.0
1014.0,1.0
1014.0,1.0
1014.0,1.0
1014.0,1.0
1014.0,2.0
1014.0,1.0
1015.0,5.0
1015.0,5.0
1015.0,5.0
1015.0,5.0
1015.0,4.0
1015.0,4.0
1015.0,4.0
1015.0,5.0
1015.0,4.0
1015.0,4.0
1015.0,5.0
1015.0,5.0
1015.0,4.0
1015.0,4.0
1015.0,4.0
1015.0,4.0
1015.0,5.0
1015.0,4.0
1015.0,4.0
1015.0,5.0
1015.0,4.0
1015.0,4.0
1015.0,4.0
1015.0,5.0
1016.0,5.0
1016.0,5.0
1016.0,5.0
1016.0,5.0
1016.0,4.0
1016.0,5.0
1016.0,5.0
1016.0,5.0
1016.0,5.0
1016.0,5.0
1016.0,5.0
1016.0,5.0
1016.0,5.0
1016.0,5.0
1016.0,5.0
1016.0,5.0
1016.0,5.0
1016.0,5.0
1016.0,5.0
1016.0,5.0
1016.0,5.0
1016.0,5.0
1016.0,5.0
1016.0,5.0
1017.0,2.0
1017.0,3.0
1017.0,2.0
1017.0,2.0
1017.0,1.0
1017.0,2.0
1017.0,1.0
1017.0,2.0
1017.0,1.0
1017.0,2.0
1017.0,2.0
1017.0,1.0
1017.0,3.0
1017.0,2.0
1017.0,2.0
1017.0,2.0
1017.0,1.0
1017.0,2.0
1017.0,1.0
1017.0,2.0
1017.0,2.0
1017.0,1.0
1017.0,1.0
1017.0,1.0
1018.0,2.0
1018.0,2.0
1018.0,4.0
1018.0,2.0
1018.0,2.0
1018.0,2.0
1018.0,2.0
1018.0,2.0
1018.0,2.0
1018.0,2.0
1018.0,1.0
1018.0,1.0
1018.0,3.0
1018.0,2.0
1018.0,2.0
1018.0,2.0
1018.0,2.0
1018.0,2.0
1018.0,1.0
1018.0,2.0
1018.0,2.0
1018.0,2.0
1018.0,1.0
1018.0,1.0
1019.0,2.0
1019.0,1.0
1019.0,1.0
1019.0,2.0
1019.0,1.0
1019.0,2.0
1019.0,1.0
1019.0,1.0
1019.0,1.0
1019.0,2.0
1019.0,1.0
1019.0,1.0
1019.0,1.0
1019.0,1.0
1019.0,1.0
1019.0,1.0
1019.0,1.0
1019.0,1.0
1019.0,1.0
1019.0,2.0
1019.0,1.0
1019.0,1.0
1019.0,1.0
1019.0,1.0
1020.0,2.0
1020.0,2.0
1020.0,1.0
1020.0,3.0
1020.0,1.0
1020.0,2.0
1020.0,2.0
1020.0,2.0
1020.0,2.0
1020.0,2.0
1020.0,1.0
1020.0,1.0
1020.0,1.0
1020.0,2.0
1020.0,2.0
1020.0,3.0
1020.0,2.0
1020.0,1.0
1020.0,1.0
1020.0,2.0
1020.0,1.0
1020.0,1.0
1020.0,1.0
1020.0,1.0
1021.0,2.0
1021.0,2.0
1021.0,2.0
1021.0,2.0
1021.0,1.0
1021.0,2.0
1021.0,2.0
1021.0,3.0
1021.0,3.0
1021.0,3.0
1021.0,2.0
1021.0,1.0
1021.0,2.0
1021.0,2.0
1021.0,2.0
1021.0,2.0
1021.0,2.0
1021.0,2.0
1021.0,1.0
1021.0,2.0
1021.0,1.0
1021.0,1.0
1021.0,1.0
1021.0,2.0
1022.0,2.0
1022.0,4.0
1022.0,3.0
1022.0,3.0
1022.0,2.0
1022.0,3.0
1022.0,3.0
1022.0,2.0
1022.0,2.0
1022.0,3.0
1022.0,3.0
1022.0,3.0
1022.0,3.0
1022.0,3.0
1022.0,1.0
1022.0,3.0
1022.0,3.0
1022.0,2.0
1022.0,2.0
1022.0,2.0
1022.0,1.0
1022.0,2.0
1022.0,2.0
1022.0,2.0
1023.0,2.0
1023.0,4.0
1023.0,1.0
1023.0,3.0
1023.0,2.0
1023.0,3.0
1023.0,3.0
1023.0,3.0
1023.0,3.0
1023.0,2.0
1023.0,2.0
1023.0,3.0
1023.0,2.0
1023.0,3.0
1023.0,2.0
1023.0,3.0
1023.0,2.0
1023.0,2.0
1023.0,3.0
1023.0,3.0
1023.0,2.0
1023.0,1.0
1023.0,2.0
1023.0,3.0
1024.0,1.0
1024.0,3.0
1024.0,1.0
1024.0,1.0
1024.0,1.0
1024.0,1.0
1024.0,1.0
1024.0,1.0
1024.0,1.0
1024.0,1.0
1024.0,1.0
1024.0,2.0
1024.0,2.0
1024.0,3.0
1024.0,1.0
1024.0,2.0
1024.0,1.0
1024.0,1.0
1024.0,2.0
1024.0,1.0
1024.0,1.0
1024.0,1.0
1024.0,2.0
1024.0,1.0
1025.0,4.0
1025.0,3.0
1025.0,2.0
1025.0,3.0
1025.0,2.0
1025.0,4.0
1025.0,3.0
1025.0,4.0
1025.0,3.0
1025.0,3.0
1025.0,3.0
1025.0,4.0
1025.0,3.0
1025.0,3.0
1025.0,3.0
1025.0,4.0
1025.0,3.0
1025.0,2.0
1025.0,2.0
1025.0,4.0
1025.0,2.0
1025.0,4.0
1025.0,1.0
1025.0,2.0
1026.0,5.0
1026.0,5.0
1026.0,5.0
1026.0,5.0
1026.0,5.0
1026.0,5.0
1026.0,5.0
1026.0,5.0
1026.0,5.0
1026.0,5.0
1026.0,3.0
1026.0,5.0
1026.0,5.0
1026.0,5.0
1026.0,5.0
1026.0,4.0
1026.0,5.0
1026.0,5.0
1026.0,4.0
1026.0,5.0
1026.0,5.0
1026.0,5.0
1026.0,4.0
1026.0,5.0
1027.0,5.0
1027.0,5.0
1027.0,5.0
1027.0,5.0
1027.0,4.0
1027.0,4.0
1027.0,5.0
1027.0,5.0
1027.0,5.0
1027.0,5.0
1027.0,4.0
1027.0,5.0
1027.0,5.0
1027.0,5.0
1027.0,4.0
1027.0,5.0
1027.0,5.0
1027.0,5.0
1027.0,4.0
1027.0,5.0
1027.0,5.0
1027.0,5.0
1027.0,3.0
1027.0,5.0
1028.0,1.0
1028.0,3.0
1028.0,2.0
1028.0,3.0
1028.0,2.0
1028.0,1.0
1028.0,3.0
1028.0,2.0
1028.0,2.0
1028.0,3.0
1028.0,2.0
1028.0,3.0
1028.0,3.0
1028.0,3.0
1028.0,3.0
1028.0,3.0
1028.0,2.0
1028.0,1.0
1028.0,2.0
1028.0,2.0
1028.0,1.0
1028.0,2.0
1028.0,2.0
1028.0,3.0
1029.0,2.0
1029.0,4.0
1029.0,2.0
1029.0,3.0
1029.0,2.0
1029.0,3.0
1029.0,4.0
1029.0,3.0
1029.0,2.0
1029.0,2.0
1029.0,3.0
1029.0,3.0
1029.0,3.0
1029.0,4.0
1029.0,2.0
1029.0,3.0
1029.0,2.0
1029.0,2.0
1029.0,2.0
1029.0,2.0
1029.0,1.0
1029.0,2.0
1029.0,2.0
1029.0,1.0
1030.0,1.0
1030.0,2.0
1030.0,1.0
1030.0,2.0
1030.0,1.0
1030.0,1.0
1030.0,2.0
1030.0,2.0
1030.0,2.0
1030.0,1.0
1030.0,1.0
1030.0,1.0
1030.0,1.0
1030.0,2.0
1030.0,1.0
1030.0,2.0
1030.0,1.0
1030.0,2.0
1030.0,1.0
1030.0,1.0
1030.0,1.0
1030.0,1.0
1030.0,1.0
1030.0,1.0
1031.0,3.0
1031.0,4.0
1031.0,4.0
1031.0,4.0
1031.0,5.0
1031.0,4.0
1031.0,4.0
1031.0,4.0
1031.0,4.0
1031.0,3.0
1031.0,3.0
1031.0,5.0
1031.0,4.0
1031.0,3.0
1031.0,4.0
1031.0,4.0
1031.0,5.0
1031.0,5.0
1031.0,3.0
1031.0,4.0
1031.0,3.0
1031.0,4.0
1031.0,4.0
1031.0,4.0
1032.0,5.0
1032.0,4.0
1032.0,5.0
1032.0,5.0
1032.0,4.0
1032.0,4.0
1032.0,5.0
1032.0,5.0
1032.0,5.0
1032.0,5.0
1032.0,5.0
1032.0,5.0
1032.0,4.0
1032.0,4.0
1032.0,4.0
1032.0,5.0
1032.0,5.0
1032.0,5.0
1032.0,5.0
1032.0,5.0
1032.0,5.0
1032.0,5.0
1032.0,5.0
1032.0,5.0
1033.0,4.0
1033.0,4.0
1033.0,3.0
1033.0,2.0
1033.0,2.0
1033.0,3.0
1033.0,3.0
1033.0,3.0
1033.0,3.0
1033.0,4.0
1033.0,2.0
1033.0,3.0
1033.0,4.0
1033.0,4.0
1033.0,3.0
1033.0,3.0
1033.0,3.0
1033.0,3.0
1033.0,2.0
1033.0,4.0
1033.0,3.0
1033.0,4.0
1033.0,2.0
1033.0,2.0
1034.0,4.0
1034.0,4.0
1034.0,4.0
1034.0,4.0
1034.0,3.0
1034.0,3.0
1034.0,3.0
1034.0,3.0
1034.0,3.0
1034.0,4.0
1034.0,2.0
1034.0,4.0
1034.0,3.0
1034.0,4.0
1034.0,3.0
1034.0,3.0
1034.0,3.0
1034.0,3.0
1034.0,2.0
1034.0,4.0
1034.0,2.0
1034.0,4.0
1034.0,2.0
1034.0,4.0
1035.0,1.0
1035.0,1.0
1035.0,1.0
1035.0,1.0
1035.0,1.0
1035.0,2.0
1035.0,2.0
1035.0,1.0
1035.0,2.0
1035.0,2.0
1035.0,2.0
1035.0,1.0
1035.0,4.0
1035.0,2.0
1035.0,1.0
1035.0,2.0
1035.0,2.0
1035.0,1.0
1035.0,1.0
1035.0,1.0
1035.0,1.0
1035.0,1.0
1035.0,1.0
1035.0,2.0
1036.0,1.0
1036.0,1.0
1036.0,1.0
1036.0,1.0
1036.0,1.0
1036.0,1.0
1036.0,1.0
1036.0,1.0
1036.0,1.0
1036.0,1.0
1036.0,1.0
1036.0,1.0
1036.0,1.0
1036.0,1.0
1036.0,1.0
1036.0,1.0
1036.0,1.0
1036.0,1.0
1036.0,1.0
1036.0,1.0
1036.0,1.0
1036.0,1.0
1036.0,1.0
1036.0,1.0
1037.0,3.0
1037.0,4.0
1037.0,2.0
1037.0,2.0
1037.0,2.0
1037.0,3.0
1037.0,3.0
1037.0,3.0
1037.0,4.0
1037.0,4.0
1037.0,3.0
1037.0,4.0
1037.0,4.0
1037.0,4.0
1037.0,5.0
1037.0,3.0
1037.0,4.0
1037.0,3.0
1037.0,1.0
1037.0,4.0
1037.0,3.0
1037.0,4.0
1037.0,2.0
1037.0,4.0
1038.0,5.0
1038.0,5.0
1038.0,5.0
1038.0,5.0
1038.0,4.0
1038.0,4.0
1038.0,4.0
1038.0,5.0
1038.0,5.0
1038.0,4.0
1038.0,4.0
1038.0,4.0
1038.0,5.0
1038.0,5.0
1038.0,5.0
1038.0,4.0
1038.0,5.0
1038.0,4.0
1038.0,3.0
1038.0,5.0
1038.0,4.0
1038.0,5.0
1038.0,4.0
1038.0,4.0
1039.0,3.0
1039.0,4.0
1039.0,4.0
1039.0,3.0
1039.0,2.0
1039.0,3.0
1039.0,4.0
1039.0,3.0
1039.0,3.0
1039.0,3.0
1039.0,3.0
1039.0,4.0
1039.0,3.0
1039.0,3.0
1039.0,2.0
1039.0,3.0
1039.0,2.0
1039.0,3.0
1039.0,3.0
1039.0,3.0
1039.0,2.0
1039.0,4.0
1039.0,2.0
1039.0,3.0
1040.0,1.0
1040.0,2.0
1040.0,1.0
1040.0,1.0
1040.0,1.0
1040.0,2.0
1040.0,3.0
1040.0,2.0
1040.0,3.0
1040.0,1.0
1040.0,2.0
1040.0,2.0
1040.0,1.0
1040.0,2.0
1040.0,1.0
1040.0,2.0
1040.0,2.0
1040.0,2.0
1040.0,1.0
1040.0,1.0
1040.0,1.0
1040.0,1.0
1040.0,1.0
1040.0,1.0
1041.0,5.0
1041.0,4.0
1041.0,5.0
1041.0,4.0
1041.0,4.0
1041.0,4.0
1041.0,4.0
1041.0,5.0
1041.0,4.0
1041.0,4.0
1041.0,5.0
1041.0,4.0
1041.0,4.0
1041.0,4.0
1041.0,4.0
1041.0,4.0
1041.0,4.0
1041.0,4.0
1041.0,3.0
1041.0,5.0
1041.0,4.0
1041.0,5.0
1041.0,4.0
1041.0,5.0
1042.0,5.0
1042.0,5.0
1042.0,5.0
1042.0,4.0
1042.0,3.0
1042.0,5.0
1042.0,5.0
1042.0,5.0
1042.0,5.0
1042.0,5.0
1042.0,5.0
1042.0,5.0
1042.0,5.0
1042.0,5.0
1042.0,4.0
1042.0,5.0
1042.0,5.0
1042.0,5.0
1042.0,4.0
1042.0,5.0
1042.0,3.0
1042.0,4.0
1042.0,5.0
1042.0,5.0
1043.0,4.0
1043.0,5.0
1043.0,4.0
1043.0,4.0
1043.0,4.0
1043.0,3.0
1043.0,5.0
1043.0,4.0
1043.0,4.0
1043.0,5.0
1043.0,3.0
1043.0,4.0
1043.0,3.0
1043.0,5.0
1043.0,3.0
1043.0,4.0
1043.0,4.0
1043.0,4.0
1043.0,3.0
1043.0,4.0
1043.0,5.0
1043.0,3.0
1043.0,5.0
1043.0,5.0
1044.0,2.0
1044.0,2.0
1044.0,1.0
1044.0,3.0
1044.0,3.0
1044.0,2.0
1044.0,3.0
1044.0,2.0
1044.0,4.0
1044.0,3.0
1044.0,2.0
1044.0,4.0
1044.0,2.0
1044.0,3.0
1044.0,2.0
1044.0,2.0
1044.0,2.0
1044.0,2.0
1044.0,3.0
1044.0,2.0
1044.0,1.0
1044.0,2.0
1044.0,2.0
1044.0,2.0
1045.0,2.0
1045.0,3.0
1045.0,1.0
1045.0,2.0
1045.0,1.0
1045.0,3.0
1045.0,2.0
1045.0,2.0
1045.0,3.0
1045.0,3.0
1045.0,2.0
1045.0,3.0
1045.0,2.0
1045.0,3.0
1045.0,1.0
1045.0,2.0
1045.0,2.0
1045.0,2.0
1045.0,2.0
1045.0,1.0
1045.0,1.0
1045.0,2.0
1045.0,2.0
1045.0,2.0
1046.0,1.0
1046.0,1.0
1046.0,1.0
1046.0,1.0
1046.0,1.0
1046.0,1.0
1046.0,1.0
1046.0,1.0
1046.0,2.0
1046.0,1.0
1046.0,1.0
1046.0,1.0
1046.0,1.0
1046.0,1.0
1046.0,1.0
1046.0,1.0
1046.0,1.0
1046.0,1.0
1046.0,1.0
1046.0,1.0
1046.0,1.0
1046.0,1.0
1046.0,1.0
1046.0,1.0
1047.0,5.0
1047.0,5.0
1047.0,5.0
1047.0,5.0
1047.0,3.0
1047.0,4.0
1047.0,4.0
1047.0,5.0
1047.0,5.0
1047.0,4.0
1047.0,3.0
1047.0,5.0
1047.0,5.0
1047.0,5.0
1047.0,5.0
1047.0,4.0
1047.0,5.0
1047.0,5.0
1047.0,4.0
1047.0,5.0
1047.0,5.0
1047.0,5.0
1047.0,4.0
1047.0,5.0
1048.0,5.0
1048.0,5.0
1048.0,5.0
1048.0,5.0
1048.0,2.0
1048.0,4.0
1048.0,5.0
1048.0,5.0
1048.0,5.0
1048.0,4.0
1048.0,5.0
1048.0,5.0
1048.0,4.0
1048.0,5.0
1048.0,4.0
1048.0,5.0
1048.0,5.0
1048.0,5.0
1048.0,4.0
1048.0,5.0
1048.0,5.0
1048.0,5.0
1048.0,5.0
1048.0,5.0
1049.0,3.0
1049.0,5.0
1049.0,3.0
1049.0,4.0
1049.0,3.0
1049.0,4.0
1049.0,4.0
1049.0,4.0
1049.0,4.0
1049.0,4.0
1049.0,3.0
1049.0,4.0
1049.0,3.0
1049.0,4.0
1049.0,3.0
1049.0,4.0
1049.0,4.0
1049.0,3.0
1049.0,3.0
1049.0,4.0
1049.0,4.0
1049.0,5.0
1049.0,3.0
1049.0,4.0
1050.0,2.0
1050.0,4.0
1050.0,3.0
1050.0,3.0
1050.0,3.0
1050.0,3.0
1050.0,3.0
1050.0,3.0
1050.0,3.0
1050.0,3.0
1050.0,3.0
1050.0,4.0
1050.0,2.0
1050.0,3.0
1050.0,2.0
1050.0,2.0
1050.0,3.0
1050.0,3.0
1050.0,2.0
1050.0,4.0
1050.0,2.0
1050.0,3.0
1050.0,2.0
1050.0,3.0
1051.0,2.0
1051.0,4.0
1051.0,2.0
1051.0,3.0
1051.0,2.0
1051.0,4.0
1051.0,2.0
1051.0,2.0
1051.0,3.0
1051.0,3.0
1051.0,3.0
1051.0,3.0
1051.0,4.0
1051.0,3.0
1051.0,2.0
1051.0,3.0
1051.0,3.0
1051.0,3.0
1051.0,2.0
1051.0,3.0
1051.0,2.0
1051.0,2.0
1051.0,3.0
1051.0,2.0
1052.0,1.0
1052.0,2.0
1052.0,1.0
1052.0,1.0
1052.0,1.0
1052.0,1.0
1052.0,2.0
1052.0,1.0
1052.0,1.0
1052.0,1.0
1052.0,1.0
1052.0,1.0
1052.0,1.0
1052.0,2.0
1052.0,1.0
1052.0,1.0
1052.0,1.0
1052.0,2.0
1052.0,1.0
1052.0,1.0
1052.0,1.0
1052.0,1.0
1052.0,1.0
1052.0,1.0
1053.0,3.0
1053.0,4.0
1053.0,4.0
1053.0,4.0
1053.0,3.0
1053.0,5.0
1053.0,3.0
1053.0,3.0
1053.0,4.0
1053.0,4.0
1053.0,3.0
1053.0,3.0
1053.0,3.0
1053.0,4.0
1053.0,4.0
1053.0,4.0
1053.0,4.0
1053.0,4.0
1053.0,3.0
1053.0,4.0
1053.0,3.0
1053.0,4.0
1053.0,3.0
1053.0,4.0
1054.0,2.0
1054.0,3.0
1054.0,3.0
1054.0,4.0
1054.0,3.0
1054.0,3.0
1054.0,3.0
1054.0,3.0
1054.0,4.0
1054.0,4.0
1054.0,4.0
1054.0,4.0
1054.0,3.0
1054.0,4.0
1054.0,2.0
1054.0,4.0
1054.0,3.0
1054.0,3.0
1054.0,3.0
1054.0,3.0
1054.0,3.0
1054.0,4.0
1054.0,3.0
1054.0,5.0
1055.0,2.0
1055.0,4.0
1055.0,4.0
1055.0,4.0
1055.0,4.0
1055.0,4.0
1055.0,3.0
1055.0,4.0
1055.0,2.0
1055.0,5.0
1055.0,3.0
1055.0,4.0
1055.0,4.0
1055.0,3.0
1055.0,2.0
1055.0,4.0
1055.0,4.0
1055.0,4.0
1055.0,3.0
1055.0,4.0
1055.0,3.0
1055.0,4.0
1055.0,4.0
1055.0,3.0
1056.0,1.0
1056.0,3.0
1056.0,2.0
1056.0,2.0
1056.0,2.0
1056.0,3.0
1056.0,3.0
1056.0,3.0
1056.0,3.0
1056.0,2.0
1056.0,3.0
1056.0,4.0
1056.0,3.0
1056.0,2.0
1056.0,1.0
1056.0,3.0
1056.0,3.0
1056.0,3.0
1056.0,3.0
1056.0,2.0
1056.0,1.0
1056.0,2.0
1056.0,2.0
1056.0,2.0
1057.0,3.0
1057.0,5.0
1057.0,5.0
1057.0,5.0
1057.0,4.0
1057.0,5.0
1057.0,4.0
1057.0,5.0
1057.0,5.0
1057.0,4.0
1057.0,5.0
1057.0,5.0
1057.0,4.0
1057.0,4.0
1057.0,4.0
1057.0,5.0
1057.0,5.0
1057.0,4.0
1057.0,4.0
1057.0,5.0
1057.0,4.0
1057.0,5.0
1057.0,4.0
1057.0,4.0
1058.0,5.0
1058.0,5.0
1058.0,5.0
1058.0,5.0
1058.0,5.0
1058.0,5.0
1058.0,4.0
1058.0,5.0
1058.0,4.0
1058.0,4.0
1058.0,5.0
1058.0,5.0
1058.0,4.0
1058.0,4.0
1058.0,5.0
1058.0,5.0
1058.0,5.0
1058.0,4.0
1058.0,4.0
1058.0,5.0
1058.0,5.0
1058.0,4.0
1058.0,5.0
1058.0,5.0
1059.0,3.0
1059.0,4.0
1059.0,2.0
1059.0,5.0
1059.0,4.0
1059.0,3.0
1059.0,3.0
1059.0,4.0
1059.0,3.0
1059.0,3.0
1059.0,4.0
1059.0,4.0
1059.0,4.0
1059.0,3.0
1059.0,3.0
1059.0,4.0
1059.0,2.0
1059.0,3.0
1059.0,4.0
1059.0,3.0
1059.0,2.0
1059.0,4.0
1059.0,2.0
1059.0,3.0
1060.0,4.0
1060.0,4.0
1060.0,4.0
1060.0,4.0
1060.0,4.0
1060.0,3.0
1060.0,4.0
1060.0,5.0
1060.0,4.0
1060.0,4.0
1060.0,5.0
1060.0,5.0
1060.0,4.0
1060.0,5.0
1060.0,4.0
1060.0,4.0
1060.0,3.0
1060.0,4.0
1060.0,4.0
1060.0,5.0
1060.0,2.0
1060.0,4.0
1060.0,4.0
1060.0,4.0
1061.0,1.0
1061.0,1.0
1061.0,1.0
1061.0,2.0
1061.0,2.0
1061.0,2.0
1061.0,2.0
1061.0,1.0
1061.0,2.0
1061.0,2.0
1061.0,2.0
1061.0,2.0
1061.0,1.0
1061.0,2.0
1061.0,1.0
1061.0,2.0
1061.0,1.0
1061.0,2.0
1061.0,1.0
1061.0,1.0
1061.0,1.0
1061.0,2.0
1061.0,2.0
1061.0,1.0
1062.0,1.0
1062.0,1.0
1062.0,1.0
1062.0,1.0
1062.0,1.0
1062.0,1.0
1062.0,1.0
1062.0,1.0
1062.0,1.0
1062.0,1.0
1062.0,1.0
1062.0,1.0
1062.0,1.0
1062.0,1.0
1062.0,1.0
1062.0,1.0
1062.0,1.0
1062.0,1.0
1062.0,1.0
1062.0,1.0
1062.0,1.0
1062.0,1.0
1062.0,1.0
1062.0,1.0
1063.0,4.0
1063.0,5.0
1063.0,5.0
1063.0,4.0
1063.0,5.0
1063.0,4.0
1063.0,5.0
1063.0,5.0
1063.0,4.0
1063.0,5.0
1063.0,5.0
1063.0,5.0
1063.0,5.0
1063.0,4.0
1063.0,5.0
1063.0,5.0
1063.0,5.0
1063.0,4.0
1063.0,4.0
1063.0,5.0
1063.0,5.0
1063.0,5.0
1063.0,5.0
1063.0,5.0
1064.0,4.0
1064.0,5.0
1064.0,5.0
1064.0,5.0
1064.0,4.0
1064.0,4.0
1064.0,4.0
1064.0,5.0
1064.0,4.0
1064.0,5.0
1064.0,5.0
1064.0,5.0
1064.0,5.0
1064.0,5.0
1064.0,5.0
1064.0,5.0
1064.0,5.0
1064.0,4.0
1064.0,5.0
1064.0,5.0
1064.0,4.0
1064.0,4.0
1064.0,5.0
1064.0,5.0
1065.0,5.0
1065.0,5.0
1065.0,5.0
1065.0,5.0
1065.0,4.0
1065.0,5.0
1065.0,4.0
1065.0,5.0
1065.0,4.0
1065.0,5.0
1065.0,3.0
1065.0,5.0
1065.0,5.0
1065.0,4.0
1065.0,5.0
1065.0,5.0
1065.0,4.0
1065.0,4.0
1065.0,4.0
1065.0,5.0
1065.0,3.0
1065.0,5.0
1065.0,4.0
1065.0,5.0
1066.0,3.0
1066.0,4.0
1066.0,3.0
1066.0,3.0
1066.0,3.0
1066.0,4.0
1066.0,3.0
1066.0,5.0
1066.0,4.0
1066.0,4.0
1066.0,3.0
1066.0,4.0
1066.0,3.0
1066.0,3.0
1066.0,2.0
1066.0,4.0
1066.0,3.0
1066.0,4.0
1066.0,3.0
1066.0,3.0
1066.0,2.0
1066.0,4.0
1066.0,2.0
1066.0,4.0
1067.0,3.0
1067.0,2.0
1067.0,1.0
1067.0,3.0
1067.0,1.0
1067.0,2.0
1067.0,2.0
1067.0,3.0
1067.0,2.0
1067.0,2.0
1067.0,3.0
1067.0,3.0
1067.0,2.0
1067.0,3.0
1067.0,3.0
1067.0,2.0
1067.0,2.0
1067.0,2.0
1067.0,3.0
1067.0,2.0
1067.0,1.0
1067.0,2.0
1067.0,2.0
1067.0,2.0
1068.0,1.0
1068.0,2.0
1068.0,1.0
1068.0,1.0
1068.0,1.0
1068.0,1.0
1068.0,1.0
1068.0,1.0
1068.0,1.0
1068.0,1.0
1068.0,1.0
1068.0,1.0
1068.0,1.0
1068.0,2.0
1068.0,1.0
1068.0,2.0
1068.0,1.0
1068.0,2.0
1068.0,2.0
1068.0,1.0
1068.0,1.0
1068.0,1.0
1068.0,1.0
1068.0,1.0
1069.0,4.0
1069.0,5.0
1069.0,5.0
1069.0,4.0
1069.0,3.0
1069.0,5.0
1069.0,4.0
1069.0,5.0
1069.0,5.0
1069.0,5.0
1069.0,5.0
1069.0,5.0
1069.0,5.0
1069.0,4.0
1069.0,4.0
1069.0,5.0
1069.0,5.0
1069.0,4.0
1069.0,4.0
1069.0,5.0
1069.0,4.0
1069.0,5.0
1069.0,4.0
1069.0,4.0
1070.0,3.0
1070.0,3.0
1070.0,2.0
1070.0,3.0
1070.0,2.0
1070.0,3.0
1070.0,3.0
1070.0,3.0
1070.0,3.0
1070.0,3.0
1070.0,3.0
1070.0,4.0
1070.0,3.0
1070.0,3.0
1070.0,3.0
1070.0,3.0
1070.0,3.0
1070.0,3.0
1070.0,2.0
1070.0,3.0
1070.0,2.0
1070.0,3.0
1070.0,2.0
1070.0,3.0
1071.0,3.0
1071.0,4.0
1071.0,3.0
1071.0,3.0
1071.0,4.0
1071.0,3.0
1071.0,3.0
1071.0,4.0
1071.0,3.0
1071.0,4.0
1071.0,3.0
1071.0,3.0
1071.0,3.0
1071.0,3.0
1071.0,2.0
1071.0,3.0
1071.0,3.0
1071.0,3.0
1071.0,3.0
1071.0,4.0
1071.0,2.0
1071.0,4.0
1071.0,3.0
1071.0,4.0
1072.0,1.0
1072.0,2.0
1072.0,1.0
1072.0,1.0
1072.0,1.0
1072.0,2.0
1072.0,2.0
1072.0,2.0
1072.0,3.0
1072.0,2.0
1072.0,2.0
1072.0,2.0
1072.0,2.0
1072.0,2.0
1072.0,1.0
1072.0,2.0
1072.0,1.0
1072.0,2.0
1072.0,1.0
1072.0,1.0
1072.0,1.0
1072.0,2.0
1072.0,2.0
1072.0,2.0
1073.0,5.0
1073.0,4.0
1073.0,5.0
1073.0,4.0
1073.0,4.0
1073.0,5.0
1073.0,4.0
1073.0,5.0
1073.0,4.0
1073.0,5.0
1073.0,5.0
1073.0,5.0
1073.0,5.0
1073.0,3.0
1073.0,3.0
1073.0,4.0
1073.0,4.0
1073.0,4.0
1073.0,5.0
1073.0,5.0
1073.0,4.0
1073.0,5.0
1073.0,4.0
1073.0,5.0
1074.0,4.0
1074.0,5.0
1074.0,5.0
1074.0,5.0
1074.0,4.0
1074.0,4.0
1074.0,4.0
1074.0,5.0
1074.0,5.0
1074.0,5.0
1074.0,5.0
1074.0,5.0
1074.0,4.0
1074.0,5.0
1074.0,5.0
1074.0,4.0
1074.0,5.0
1074.0,4.0
1074.0,4.0
1074.0,5.0
1074.0,4.0
1074.0,4.0
1074.0,4.0
1074.0,5.0
1075.0,3.0
1075.0,5.0
1075.0,3.0
1075.0,4.0
1075.0,3.0
1075.0,4.0
1075.0,3.0
1075.0,4.0
1075.0,4.0
1075.0,4.0
1075.0,4.0
1075.0,5.0
1075.0,4.0
1075.0,5.0
1075.0,3.0
1075.0,3.0
1075.0,5.0
1075.0,3.0
1075.0,3.0
1075.0,5.0
1075.0,3.0
1075.0,3.0
1075.0,4.0
1075.0,4.0
1076.0,2.0
1076.0,2.0
1076.0,2.0
1076.0,2.0
1076.0,3.0
1076.0,3.0
1076.0,3.0
1076.0,2.0
1076.0,3.0
1076.0,3.0
1076.0,3.0
1076.0,3.0
1076.0,2.0
1076.0,3.0
1076.0,1.0
1076.0,2.0
1076.0,2.0
1076.0,3.0
1076.0,3.0
1076.0,2.0
1076.0,1.0
1076.0,2.0
1076.0,2.0
1076.0,4.0
1077.0,1.0
1077.0,1.0
1077.0,1.0
1077.0,2.0
1077.0,2.0
1077.0,2.0
1077.0,3.0
1077.0,2.0
1077.0,3.0
1077.0,1.0
1077.0,2.0
1077.0,1.0
1077.0,1.0
1077.0,2.0
1077.0,1.0
1077.0,1.0
1077.0,1.0
1077.0,1.0
1077.0,2.0
1077.0,1.0
1077.0,1.0
1077.0,1.0
1077.0,1.0
1077.0,2.0
1078.0,1.0
1078.0,1.0
1078.0,1.0
1078.0,1.0
1078.0,1.0
1078.0,1.0
1078.0,1.0
1078.0,1.0
1078.0,1.0
1078.0,1.0
1078.0,1.0
1078.0,1.0
1078.0,1.0
1078.0,1.0
1078.0,1.0
1078.0,1.0
1078.0,1.0
1078.0,1.0
1078.0,1.0
1078.0,1.0
1078.0,1.0
1078.0,1.0
1078.0,1.0
1078.0,1.0
1079.0,4.0
1079.0,4.0
1079.0,5.0
1079.0,5.0
1079.0,3.0
1079.0,4.0
1079.0,4.0
1079.0,4.0
1079.0,4.0
1079.0,4.0
1079.0,4.0
1079.0,5.0
1079.0,4.0
1079.0,3.0
1079.0,3.0
1079.0,4.0
1079.0,3.0
1079.0,3.0
1079.0,4.0
1079.0,4.0
1079.0,3.0
1079.0,5.0
1079.0,4.0
1079.0,5.0
1080.0,5.0
1080.0,5.0
1080.0,5.0
1080.0,5.0
1080.0,4.0
1080.0,3.0
1080.0,4.0
1080.0,5.0
1080.0,5.0
1080.0,3.0
1080.0,4.0
1080.0,4.0
1080.0,4.0
1080.0,4.0
1080.0,4.0
1080.0,4.0
1080.0,4.0
1080.0,4.0
1080.0,4.0
1080.0,4.0
1080.0,4.0
1080.0,4.0
1080.0,4.0
1080.0,5.0
1081.0,3.0
1081.0,5.0
1081.0,5.0
1081.0,5.0
1081.0,5.0
1081.0,4.0
1081.0,3.0
1081.0,4.0
1081.0,4.0
1081.0,4.0
1081.0,3.0
1081.0,4.0
1081.0,4.0
1081.0,4.0
1081.0,5.0
1081.0,4.0
1081.0,5.0
1081.0,4.0
1081.0,4.0
1081.0,5.0
1081.0,4.0
1081.0,4.0
1081.0,4.0
1081.0,4.0
1082.0,3.0
1082.0,5.0
1082.0,4.0
1082.0,3.0
1082.0,3.0
1082.0,3.0
1082.0,3.0
1082.0,4.0
1082.0,3.0
1082.0,3.0
1082.0,4.0
1082.0,4.0
1082.0,3.0
1082.0,4.0
1082.0,3.0
1082.0,4.0
1082.0,4.0
1082.0,3.0
1082.0,3.0
1082.0,4.0
1082.0,2.0
1082.0,5.0
1082.0,3.0
1082.0,4.0
1083.0,2.0
1083.0,3.0
1083.0,2.0
1083.0,3.0
1083.0,2.0
1083.0,2.0
1083.0,3.0
1083.0,2.0
1083.0,2.0
1083.0,2.0
1083.0,2.0
1083.0,2.0
1083.0,3.0
1083.0,2.0
1083.0,2.0
1083.0,3.0
1083.0,2.0
1083.0,2.0
1083.0,2.0
1083.0,2.0
1083.0,1.0
1083.0,1.0
1083.0,2.0
1083.0,2.0
1084.0,1.0
1084.0,1.0
1084.0,1.0
1084.0,1.0
1084.0,2.0
1084.0,1.0
1084.0,2.0
1084.0,1.0
1084.0,2.0
1084.0,1.0
1084.0,1.0
1084.0,1.0
1084.0,1.0
1084.0,1.0
1084.0,1.0
1084.0,2.0
1084.0,1.0
1084.0,1.0
1084.0,1.0
1084.0,1.0
1084.0,1.0
1084.0,1.0
1084.0,1.0
1084.0,2.0
1085.0,3.0
1085.0,5.0
1085.0,5.0
1085.0,4.0
1085.0,3.0
1085.0,3.0
1085.0,4.0
1085.0,4.0
1085.0,5.0
1085.0,3.0
1085.0,3.0
1085.0,4.0
1085.0,4.0
1085.0,5.0
1085.0,4.0
1085.0,4.0
1085.0,5.0
1085.0,4.0
1085.0,4.0
1085.0,5.0
1085.0,3.0
1085.0,4.0
1085.0,4.0
1085.0,4.0
1086.0,2.0
1086.0,4.0
1086.0,2.0
1086.0,2.0
1086.0,3.0
1086.0,3.0
1086.0,3.0
1086.0,4.0
1086.0,4.0
1086.0,3.0
1086.0,3.0
1086.0,4.0
1086.0,3.0
1086.0,3.0
1086.0,3.0
1086.0,4.0
1086.0,4.0
1086.0,3.0
1086.0,2.0
1086.0,3.0
1086.0,2.0
1086.0,3.0
1086.0,3.0
1086.0,4.0
1087.0,3.0
1087.0,3.0
1087.0,1.0
1087.0,2.0
1087.0,1.0
1087.0,2.0
1087.0,3.0
1087.0,2.0
1087.0,2.0
1087.0,2.0
1087.0,2.0
1087.0,3.0
1087.0,3.0
1087.0,2.0
1087.0,2.0
1087.0,3.0
1087.0,2.0
1087.0,2.0
1087.0,2.0
1087.0,2.0
1087.0,1.0
1087.0,2.0
1087.0,2.0
1087.0,3.0
1088.0,2.0
1088.0,4.0
1088.0,5.0
1088.0,4.0
1088.0,4.0
1088.0,4.0
1088.0,2.0
1088.0,5.0
1088.0,4.0
1088.0,4.0
1088.0,3.0
1088.0,4.0
1088.0,4.0
1088.0,4.0
1088.0,4.0
1088.0,4.0
1088.0,4.0
1088.0,3.0
1088.0,4.0
1088.0,5.0
1088.0,4.0
1088.0,4.0
1088.0,4.0
1088.0,5.0
1089.0,3.0
1089.0,5.0
1089.0,5.0
1089.0,5.0
1089.0,5.0
1089.0,4.0
1089.0,5.0
1089.0,4.0
1089.0,4.0
1089.0,3.0
1089.0,3.0
1089.0,4.0
1089.0,4.0
1089.0,5.0
1089.0,5.0
1089.0,5.0
1089.0,4.0
1089.0,4.0
1089.0,4.0
1089.0,5.0
1089.0,4.0
1089.0,4.0
1089.0,4.0
1089.0,5.0
1090.0,3.0
1090.0,5.0
1090.0,4.0
1090.0,4.0
1090.0,4.0
1090.0,4.0
1090.0,4.0
1090.0,4.0
1090.0,4.0
1090.0,3.0
1090.0,4.0
1090.0,4.0
1090.0,4.0
1090.0,5.0
1090.0,3.0
1090.0,5.0
1090.0,4.0
1090.0,5.0
1090.0,4.0
1090.0,4.0
1090.0,2.0
1090.0,4.0
1090.0,4.0
1090.0,5.0
1091.0,3.0
1091.0,5.0
1091.0,4.0
1091.0,5.0
1091.0,5.0
1091.0,4.0
1091.0,4.0
1091.0,5.0
1091.0,5.0
1091.0,4.0
1091.0,4.0
1091.0,4.0
1091.0,4.0
1091.0,4.0
1091.0,4.0
1091.0,5.0
1091.0,4.0
1091.0,4.0
1091.0,4.0
1091.0,4.0
1091.0,4.0
1091.0,4.0
1091.0,5.0
1091.0,5.0
1092.0,2.0
1092.0,3.0
1092.0,2.0
1092.0,2.0
1092.0,3.0
1092.0,3.0
1092.0,4.0
1092.0,4.0
1092.0,3.0
1092.0,3.0
1092.0,2.0
1092.0,2.0
1092.0,3.0
1092.0,3.0
1092.0,2.0
1092.0,4.0
1092.0,3.0
1092.0,3.0
1092.0,3.0
1092.0,3.0
1092.0,2.0
1092.0,2.0
1092.0,2.0
1092.0,2.0
1093.0,2.0
1093.0,3.0
1093.0,1.0
1093.0,2.0
1093.0,1.0
1093.0,2.0
1093.0,3.0
1093.0,3.0
1093.0,2.0
1093.0,2.0
1093.0,2.0
1093.0,2.0
1093.0,2.0
1093.0,3.0
1093.0,1.0
1093.0,3.0
1093.0,3.0
1093.0,2.0
1093.0,2.0
1093.0,3.0
1093.0,1.0
1093.0,2.0
1093.0,2.0
1093.0,3.0
1094.0,1.0
1094.0,2.0
1094.0,1.0
1094.0,1.0
1094.0,3.0
1094.0,2.0
1094.0,3.0
1094.0,2.0
1094.0,2.0
1094.0,2.0
1094.0,2.0
1094.0,1.0
1094.0,3.0
1094.0,3.0
1094.0,1.0
1094.0,1.0
1094.0,1.0
1094.0,2.0
1094.0,1.0
1094.0,1.0
1094.0,1.0
1094.0,1.0
1094.0,1.0
1094.0,2.0
1095.0,2.0
1095.0,3.0
1095.0,2.0
1095.0,3.0
1095.0,2.0
1095.0,2.0
1095.0,4.0
1095.0,2.0
1095.0,3.0
1095.0,3.0
1095.0,3.0
1095.0,3.0
1095.0,3.0
1095.0,3.0
1095.0,2.0
1095.0,3.0
1095.0,2.0
1095.0,3.0
1095.0,2.0
1095.0,3.0
1095.0,2.0
1095.0,2.0
1095.0,3.0
1095.0,4.0
1096.0,4.0
1096.0,4.0
1096.0,5.0
1096.0,3.0
1096.0,4.0
1096.0,4.0
1096.0,5.0
1096.0,5.0
1096.0,5.0
1096.0,3.0
1096.0,5.0
1096.0,4.0
1096.0,4.0
1096.0,5.0
1096.0,4.0
1096.0,5.0
1096.0,4.0
1096.0,4.0
1096.0,3.0
1096.0,5.0
1096.0,4.0
1096.0,5.0
1096.0,4.0
1096.0,5.0
1097.0,2.0
1097.0,3.0
1097.0,2.0
1097.0,2.0
1097.0,1.0
1097.0,2.0
1097.0,2.0
1097.0,1.0
1097.0,1.0
1097.0,3.0
1097.0,1.0
1097.0,1.0
1097.0,3.0
1097.0,3.0
1097.0,2.0
1097.0,3.0
1097.0,2.0
1097.0,2.0
1097.0,2.0
1097.0,1.0
1097.0,1.0
1097.0,1.0
1097.0,1.0
1097.0,2.0
1098.0,1.0
1098.0,2.0
1098.0,1.0
1098.0,1.0
1098.0,2.0
1098.0,2.0
1098.0,2.0
1098.0,1.0
1098.0,1.0
1098.0,1.0
1098.0,1.0
1098.0,2.0
1098.0,1.0
1098.0,2.0
1098.0,2.0
1098.0,2.0
1098.0,1.0
1098.0,2.0
1098.0,1.0
1098.0,1.0
1098.0,1.0
1098.0,1.0
1098.0,1.0
1098.0,1.0
1099.0,1.0
1099.0,1.0
1099.0,1.0
1099.0,1.0
1099.0,1.0
1099.0,2.0
1099.0,1.0
1099.0,1.0
1099.0,1.0
1099.0,1.0
1099.0,1.0
1099.0,1.0
1099.0,1.0
1099.0,1.0
1099.0,1.0
1099.0,1.0
1099.0,1.0
1099.0,1.0
1099.0,1.0
1099.0,1.0
1099.0,1.0
1099.0,1.0
1099.0,1.0
1099.0,1.0
1100.0,1.0
1100.0,1.0
1100.0,1.0
1100.0,1.0
1100.0,1.0
1100.0,1.0
1100.0,2.0
1100.0,1.0
1100.0,1.0
1100.0,1.0
1100.0,1.0
1100.0,1.0
1100.0,1.0
1100.0,1.0
1100.0,1.0
1100.0,1.0
1100.0,1.0
1100.0,1.0
1100.0,1.0
1100.0,1.0
1100.0,1.0
1100.0,1.0
1100.0,1.0
1100.0,1.0
1101.0,1.0
1101.0,2.0
1101.0,2.0
1101.0,1.0
1101.0,1.0
1101.0,2.0
1101.0,3.0
1101.0,1.0
1101.0,1.0
1101.0,2.0
1101.0,2.0
1101.0,1.0
1101.0,1.0
1101.0,3.0
1101.0,2.0
1101.0,3.0
1101.0,1.0
1101.0,1.0
1101.0,2.0
1101.0,1.0
1101.0,2.0
1101.0,1.0
1101.0,2.0
1101.0,2.0
1102.0,2.0
1102.0,4.0
1102.0,4.0
1102.0,2.0
1102.0,3.0
1102.0,4.0
1102.0,3.0
1102.0,3.0
1102.0,2.0
1102.0,4.0
1102.0,2.0
1102.0,3.0
1102.0,3.0
1102.0,3.0
1102.0,3.0
1102.0,5.0
1102.0,4.0
1102.0,3.0
1102.0,3.0
1102.0,4.0
1102.0,2.0
1102.0,3.0
1102.0,3.0
1102.0,5.0
1103.0,2.0
1103.0,2.0
1103.0,4.0
1103.0,2.0
1103.0,1.0
1103.0,3.0
1103.0,4.0
1103.0,2.0
1103.0,1.0
1103.0,2.0
1103.0,2.0
1103.0,3.0
1103.0,3.0
1103.0,3.0
1103.0,3.0
1103.0,3.0
1103.0,2.0
1103.0,2.0
1103.0,2.0
1103.0,4.0
1103.0,2.0
1103.0,3.0
1103.0,2.0
1103.0,3.0
1104.0,3.0
1104.0,5.0
1104.0,5.0
1104.0,2.0
1104.0,3.0
1104.0,4.0
1104.0,4.0
1104.0,3.0
1104.0,4.0
1104.0,3.0
1104.0,3.0
1104.0,4.0
1104.0,4.0
1104.0,4.0
1104.0,4.0
1104.0,4.0
1104.0,4.0
1104.0,3.0
1104.0,3.0
1104.0,4.0
1104.0,3.0
1104.0,4.0
1104.0,2.0
1104.0,4.0
1105.0,3.0
1105.0,4.0
1105.0,5.0
1105.0,3.0
1105.0,3.0
1105.0,4.0
1105.0,4.0
1105.0,3.0
1105.0,3.0
1105.0,4.0
1105.0,3.0
1105.0,4.0
1105.0,4.0
1105.0,4.0
1105.0,4.0
1105.0,5.0
1105.0,4.0
1105.0,3.0
1105.0,2.0
1105.0,5.0
1105.0,2.0
1105.0,4.0
1105.0,2.0
1105.0,5.0
1106.0,4.0
1106.0,4.0
1106.0,3.0
1106.0,2.0
1106.0,3.0
1106.0,3.0
1106.0,4.0
1106.0,3.0
1106.0,2.0
1106.0,4.0
1106.0,4.0
1106.0,4.0
1106.0,3.0
1106.0,5.0
1106.0,2.0
1106.0,3.0
1106.0,3.0
1106.0,3.0
1106.0,3.0
1106.0,3.0
1106.0,2.0
1106.0,4.0
1106.0,3.0
1106.0,4.0
1107.0,4.0
1107.0,4.0
1107.0,4.0
1107.0,3.0
1107.0,3.0
1107.0,4.0
1107.0,4.0
1107.0,5.0
1107.0,5.0
1107.0,4.0
1107.0,5.0
1107.0,4.0
1107.0,4.0
1107.0,5.0
1107.0,5.0
1107.0,5.0
1107.0,4.0
1107.0,3.0
1107.0,4.0
1107.0,5.0
1107.0,3.0
1107.0,3.0
1107.0,3.0
1107.0,4.0
1108.0,2.0
1108.0,2.0
1108.0,1.0
1108.0,1.0
1108.0,3.0
1108.0,3.0
1108.0,3.0
1108.0,2.0
1108.0,2.0
1108.0,1.0
1108.0,2.0
1108.0,1.0
1108.0,3.0
1108.0,3.0
1108.0,2.0
1108.0,3.0
1108.0,2.0
1108.0,2.0
1108.0,2.0
1108.0,2.0
1108.0,1.0
1108.0,3.0
1108.0,1.0
1108.0,3.0
1109.0,1.0
1109.0,2.0
1109.0,2.0
1109.0,1.0
1109.0,1.0
1109.0,1.0
1109.0,3.0
1109.0,1.0
1109.0,2.0
1109.0,1.0
1109.0,1.0
1109.0,2.0
1109.0,2.0
1109.0,2.0
1109.0,2.0
1109.0,2.0
1109.0,1.0
1109.0,2.0
1109.0,2.0
1109.0,2.0
1109.0,1.0
1109.0,2.0
1109.0,1.0
1109.0,1.0
1110.0,1.0
1110.0,1.0
1110.0,1.0
1110.0,1.0
1110.0,1.0
1110.0,2.0
1110.0,2.0
1110.0,1.0
1110.0,2.0
1110.0,1.0
1110.0,1.0
1110.0,1.0
1110.0,1.0
1110.0,1.0
1110.0,2.0
1110.0,1.0
1110.0,1.0
1110.0,1.0
1110.0,1.0
1110.0,1.0
1110.0,1.0
1110.0,1.0
1110.0,1.0
1110.0,1.0
1111.0,2.0
1111.0,3.0
1111.0,4.0
1111.0,3.0
1111.0,4.0
1111.0,3.0
1111.0,3.0
1111.0,3.0
1111.0,3.0
1111.0,3.0
1111.0,3.0
1111.0,2.0
1111.0,5.0
1111.0,5.0
1111.0,3.0
1111.0,2.0
1111.0,4.0
1111.0,3.0
1111.0,3.0
1111.0,4.0
1111.0,2.0
1111.0,3.0
1111.0,2.0
1111.0,3.0
1112.0,2.0
1112.0,4.0
1112.0,5.0
1112.0,4.0
1112.0,4.0
1112.0,4.0
1112.0,4.0
1112.0,5.0
1112.0,5.0
1112.0,3.0
1112.0,4.0
1112.0,4.0
1112.0,4.0
1112.0,5.0
1112.0,4.0
1112.0,4.0
1112.0,4.0
1112.0,4.0
1112.0,4.0
1112.0,5.0
1112.0,3.0
1112.0,4.0
1112.0,4.0
1112.0,4.0
1113.0,5.0
1113.0,5.0
1113.0,4.0
1113.0,4.0
1113.0,4.0
1113.0,4.0
1113.0,4.0
1113.0,5.0
1113.0,4.0
1113.0,4.0
1113.0,3.0
1113.0,4.0
1113.0,5.0
1113.0,4.0
1113.0,3.0
1113.0,5.0
1113.0,5.0
1113.0,4.0
1113.0,4.0
1113.0,5.0
1113.0,4.0
1113.0,4.0
1113.0,3.0
1113.0,5.0
1114.0,4.0
1114.0,5.0
1114.0,5.0
1114.0,4.0
1114.0,5.0
1114.0,3.0
1114.0,4.0
1114.0,4.0
1114.0,5.0
1114.0,4.0
1114.0,3.0
1114.0,4.0
1114.0,4.0
1114.0,4.0
1114.0,3.0
1114.0,4.0
1114.0,4.0
1114.0,4.0
1114.0,4.0
1114.0,5.0
1114.0,4.0
1114.0,4.0
1114.0,4.0
1114.0,4.0
1115.0,1.0
1115.0,1.0
1115.0,1.0
1115.0,1.0
1115.0,2.0
1115.0,1.0
1115.0,2.0
1115.0,1.0
1115.0,2.0
1115.0,2.0
1115.0,1.0
1115.0,1.0
1115.0,2.0
1115.0,2.0
1115.0,2.0
1115.0,1.0
1115.0,1.0
1115.0,2.0
1115.0,1.0
1115.0,1.0
1115.0,1.0
1115.0,1.0
1115.0,1.0
1115.0,1.0
1116.0,1.0
1116.0,1.0
1116.0,1.0
1116.0,1.0
1116.0,1.0
1116.0,1.0
1116.0,2.0
1116.0,1.0
1116.0,1.0
1116.0,1.0
1116.0,1.0
1116.0,1.0
1116.0,2.0
1116.0,2.0
1116.0,1.0
1116.0,1.0
1116.0,1.0
1116.0,2.0
1116.0,1.0
1116.0,1.0
1116.0,1.0
1116.0,1.0
1116.0,1.0
1116.0,1.0
1117.0,4.0
1117.0,5.0
1117.0,3.0
1117.0,5.0
1117.0,4.0
1117.0,4.0
1117.0,4.0
1117.0,5.0
1117.0,4.0
1117.0,4.0
1117.0,5.0
1117.0,4.0
1117.0,4.0
1117.0,4.0
1117.0,3.0
1117.0,4.0
1117.0,5.0
1117.0,4.0
1117.0,4.0
1117.0,4.0
1117.0,4.0
1117.0,3.0
1117.0,4.0
1117.0,4.0
1118.0,4.0
1118.0,4.0
1118.0,5.0
1118.0,4.0
1118.0,3.0
1118.0,3.0
1118.0,3.0
1118.0,5.0
1118.0,5.0
1118.0,5.0
1118.0,3.0
1118.0,5.0
1118.0,3.0
1118.0,4.0
1118.0,4.0
1118.0,4.0
1118.0,4.0
1118.0,4.0
1118.0,4.0
1118.0,4.0
1118.0,4.0
1118.0,5.0
1118.0,4.0
1118.0,4.0
1119.0,2.0
1119.0,2.0
1119.0,1.0
1119.0,2.0
1119.0,2.0
1119.0,3.0
1119.0,3.0
1119.0,3.0
1119.0,3.0
1119.0,2.0
1119.0,2.0
1119.0,3.0
1119.0,2.0
1119.0,3.0
1119.0,2.0
1119.0,3.0
1119.0,2.0
1119.0,2.0
1119.0,2.0
1119.0,2.0
1119.0,1.0
1119.0,3.0
1119.0,2.0
1119.0,2.0
1120.0,3.0
1120.0,4.0
1120.0,4.0
1120.0,2.0
1120.0,4.0
1120.0,3.0
1120.0,3.0
1120.0,4.0
1120.0,4.0
1120.0,3.0
1120.0,2.0
1120.0,4.0
1120.0,3.0
1120.0,3.0
1120.0,2.0
1120.0,3.0
1120.0,3.0
1120.0,3.0
1120.0,3.0
1120.0,3.0
1120.0,2.0
1120.0,3.0
1120.0,4.0
1120.0,4.0
1121.0,4.0
1121.0,4.0
1121.0,5.0
1121.0,4.0
1121.0,4.0
1121.0,4.0
1121.0,4.0
1121.0,5.0
1121.0,5.0
1121.0,5.0
1121.0,5.0
1121.0,4.0
1121.0,4.0
1121.0,4.0
1121.0,3.0
1121.0,5.0
1121.0,4.0
1121.0,4.0
1121.0,4.0
1121.0,4.0
1121.0,3.0
1121.0,4.0
1121.0,3.0
1121.0,4.0
1122.0,4.0
1122.0,5.0
1122.0,5.0
1122.0,4.0
1122.0,5.0
1122.0,4.0
1122.0,4.0
1122.0,5.0
1122.0,4.0
1122.0,4.0
1122.0,3.0
1122.0,4.0
1122.0,3.0
1122.0,4.0
1122.0,3.0
1122.0,4.0
1122.0,4.0
1122.0,4.0
1122.0,4.0
1122.0,4.0
1122.0,3.0
1122.0,3.0
1122.0,5.0
1122.0,2.0
1123.0,3.0
1123.0,3.0
1123.0,2.0
1123.0,4.0
1123.0,2.0
1123.0,3.0
1123.0,3.0
1123.0,3.0
1123.0,3.0
1123.0,3.0
1123.0,3.0
1123.0,3.0
1123.0,3.0
1123.0,3.0
1123.0,2.0
1123.0,3.0
1123.0,3.0
1123.0,3.0
1123.0,3.0
1123.0,2.0
1123.0,2.0
1123.0,3.0
1123.0,3.0
1123.0,3.0
1124.0,3.0
1124.0,4.0
1124.0,4.0
1124.0,3.0
1124.0,3.0
1124.0,4.0
1124.0,4.0
1124.0,5.0
1124.0,4.0
1124.0,3.0
1124.0,4.0
1124.0,4.0
1124.0,3.0
1124.0,4.0
1124.0,3.0
1124.0,4.0
1124.0,3.0
1124.0,3.0
1124.0,3.0
1124.0,3.0
1124.0,1.0
1124.0,4.0
1124.0,3.0
1124.0,3.0
1125.0,2.0
1125.0,2.0
1125.0,2.0
1125.0,2.0
1125.0,2.0
1125.0,1.0
1125.0,3.0
1125.0,2.0
1125.0,2.0
1125.0,2.0
1125.0,2.0
1125.0,2.0
1125.0,3.0
1125.0,2.0
1125.0,1.0
1125.0,2.0
1125.0,2.0
1125.0,2.0
1125.0,2.0
1125.0,1.0
1125.0,1.0
1125.0,2.0
1125.0,2.0
1125.0,2.0
1126.0,1.0
1126.0,1.0
1126.0,1.0
1126.0,1.0
1126.0,1.0
1126.0,1.0
1126.0,1.0
1126.0,1.0
1126.0,1.0
1126.0,1.0
1126.0,1.0
1126.0,1.0
1126.0,1.0
1126.0,1.0
1126.0,1.0
1126.0,1.0
1126.0,2.0
1126.0,1.0
1126.0,1.0
1126.0,1.0
1126.0,1.0
1126.0,1.0
1126.0,1.0
1126.0,1.0
1127.0,4.0
1127.0,4.0
1127.0,5.0
1127.0,4.0
1127.0,5.0
1127.0,3.0
1127.0,3.0
1127.0,5.0
1127.0,4.0
1127.0,4.0
1127.0,4.0
1127.0,4.0
1127.0,5.0
1127.0,5.0
1127.0,5.0
1127.0,4.0
1127.0,5.0
1127.0,3.0
1127.0,3.0
1127.0,4.0
1127.0,3.0
1127.0,4.0
1127.0,4.0
1127.0,5.0
1128.0,4.0
1128.0,5.0
1128.0,5.0
1128.0,5.0
1128.0,5.0
1128.0,5.0
1128.0,5.0
1128.0,5.0
1128.0,5.0
1128.0,4.0
1128.0,5.0
1128.0,4.0
1128.0,4.0
1128.0,5.0
1128.0,4.0
1128.0,5.0
1128.0,5.0
1128.0,5.0
1128.0,5.0
1128.0,5.0
1128.0,4.0
1128.0,4.0
1128.0,4.0
1128.0,5.0
1129.0,2.0
1129.0,4.0
1129.0,4.0
1129.0,3.0
1129.0,3.0
1129.0,2.0
1129.0,3.0
1129.0,4.0
1129.0,2.0
1129.0,3.0
1129.0,3.0
1129.0,4.0
1129.0,3.0
1129.0,3.0
1129.0,2.0
1129.0,3.0
1129.0,3.0
1129.0,4.0
1129.0,3.0
1129.0,2.0
1129.0,1.0
1129.0,2.0
1129.0,2.0
1129.0,2.0
1130.0,2.0
1130.0,3.0
1130.0,2.0
1130.0,3.0
1130.0,2.0
1130.0,2.0
1130.0,3.0
1130.0,3.0
1130.0,2.0
1130.0,3.0
1130.0,3.0
1130.0,1.0
1130.0,3.0
1130.0,3.0
1130.0,2.0
1130.0,3.0
1130.0,3.0
1130.0,3.0
1130.0,3.0
1130.0,2.0
1130.0,2.0
1130.0,2.0
1130.0,1.0
1130.0,3.0
1131.0,1.0
1131.0,1.0
1131.0,1.0
1131.0,1.0
1131.0,2.0
1131.0,1.0
1131.0,3.0
1131.0,2.0
1131.0,3.0
1131.0,1.0
1131.0,2.0
1131.0,1.0
1131.0,2.0
1131.0,2.0
1131.0,1.0
1131.0,2.0
1131.0,1.0
1131.0,2.0
1131.0,2.0
1131.0,1.0
1131.0,1.0
1131.0,1.0
1131.0,1.0
1131.0,3.0
1132.0,1.0
1132.0,1.0
1132.0,1.0
1132.0,1.0
1132.0,2.0
1132.0,1.0
1132.0,1.0
1132.0,1.0
1132.0,1.0
1132.0,1.0
1132.0,1.0
1132.0,1.0
1132.0,1.0
1132.0,1.0
1132.0,1.0
1132.0,1.0
1132.0,2.0
1132.0,1.0
1132.0,1.0
1132.0,1.0
1132.0,1.0
1132.0,1.0
1132.0,1.0
1132.0,1.0
1133.0,3.0
1133.0,3.0
1133.0,3.0
1133.0,3.0
1133.0,3.0
1133.0,3.0
1133.0,3.0
1133.0,5.0
1133.0,3.0
1133.0,4.0
1133.0,3.0
1133.0,4.0
1133.0,2.0
1133.0,2.0
1133.0,3.0
1133.0,4.0
1133.0,3.0
1133.0,4.0
1133.0,3.0
1133.0,3.0
1133.0,2.0
1133.0,3.0
1133.0,2.0
1133.0,3.0
1134.0,4.0
1134.0,5.0
1134.0,5.0
1134.0,5.0
1134.0,5.0
1134.0,4.0
1134.0,4.0
1134.0,4.0
1134.0,5.0
1134.0,5.0
1134.0,5.0
1134.0,4.0
1134.0,5.0
1134.0,3.0
1134.0,5.0
1134.0,5.0
1134.0,5.0
1134.0,4.0
1134.0,4.0
1134.0,5.0
1134.0,4.0
1134.0,5.0
1134.0,4.0
1134.0,5.0
1135.0,2.0
1135.0,4.0
1135.0,2.0
1135.0,5.0
1135.0,3.0
1135.0,3.0
1135.0,3.0
1135.0,3.0
1135.0,3.0
1135.0,2.0
1135.0,3.0
1135.0,4.0
1135.0,3.0
1135.0,4.0
1135.0,3.0
1135.0,4.0
1135.0,3.0
1135.0,3.0
1135.0,3.0
1135.0,3.0
1135.0,2.0
1135.0,3.0
1135.0,2.0
1135.0,3.0
1136.0,1.0
1136.0,2.0
1136.0,1.0
1136.0,2.0
1136.0,2.0
1136.0,2.0
1136.0,3.0
1136.0,1.0
1136.0,2.0
1136.0,1.0
1136.0,2.0
1136.0,1.0
1136.0,2.0
1136.0,2.0
1136.0,2.0
1136.0,3.0
1136.0,2.0
1136.0,1.0
1136.0,1.0
1136.0,1.0
1136.0,1.0
1136.0,1.0
1136.0,1.0
1136.0,1.0
1137.0,4.0
1137.0,5.0
1137.0,5.0
1137.0,5.0
1137.0,4.0
1137.0,4.0
1137.0,4.0
1137.0,5.0
1137.0,3.0
1137.0,5.0
1137.0,5.0
1137.0,4.0
1137.0,5.0
1137.0,5.0
1137.0,5.0
1137.0,5.0
1137.0,5.0
1137.0,4.0
1137.0,4.0
1137.0,5.0
1137.0,5.0
1137.0,4.0
1137.0,4.0
1137.0,5.0
1138.0,4.0
1138.0,4.0
1138.0,3.0
1138.0,5.0
1138.0,4.0
1138.0,4.0
1138.0,4.0
1138.0,5.0
1138.0,5.0
1138.0,5.0
1138.0,3.0
1138.0,5.0
1138.0,4.0
1138.0,4.0
1138.0,4.0
1138.0,4.0
1138.0,5.0
1138.0,5.0
1138.0,4.0
1138.0,5.0
1138.0,4.0
1138.0,4.0
1138.0,4.0
1138.0,5.0
1139.0,4.0
1139.0,5.0
1139.0,4.0
1139.0,4.0
1139.0,5.0
1139.0,4.0
1139.0,4.0
1139.0,5.0
1139.0,5.0
1139.0,5.0
1139.0,5.0
1139.0,5.0
1139.0,3.0
1139.0,4.0
1139.0,4.0
1139.0,5.0
1139.0,5.0
1139.0,4.0
1139.0,4.0
1139.0,5.0
1139.0,5.0
1139.0,4.0
1139.0,4.0
1139.0,5.0
1140.0,4.0
1140.0,5.0
1140.0,5.0
1140.0,5.0
1140.0,4.0
1140.0,3.0
1140.0,5.0
1140.0,5.0
1140.0,4.0
1140.0,5.0
1140.0,5.0
1140.0,4.0
1140.0,3.0
1140.0,4.0
1140.0,5.0
1140.0,5.0
1140.0,5.0
1140.0,5.0
1140.0,4.0
1140.0,3.0
1140.0,4.0
1140.0,4.0
1140.0,4.0
1140.0,5.0
1141.0,2.0
1141.0,3.0
1141.0,1.0
1141.0,1.0
1141.0,1.0
1141.0,1.0
1141.0,2.0
1141.0,2.0
1141.0,1.0
1141.0,2.0
1141.0,2.0
1141.0,1.0
1141.0,2.0
1141.0,2.0
1141.0,2.0
1141.0,3.0
1141.0,1.0
1141.0,2.0
1141.0,3.0
1141.0,1.0
1141.0,1.0
1141.0,1.0
1141.0,1.0
1141.0,1.0
1142.0,1.0
1142.0,1.0
1142.0,1.0
1142.0,1.0
1142.0,1.0
1142.0,1.0
1142.0,1.0
1142.0,1.0
1142.0,1.0
1142.0,1.0
1142.0,1.0
1142.0,1.0
1142.0,1.0
1142.0,1.0
1142.0,2.0
1142.0,2.0
1142.0,1.0
1142.0,1.0
1142.0,1.0
1142.0,1.0
1142.0,1.0
1142.0,1.0
1142.0,1.0
1142.0,1.0
1143.0,2.0
1143.0,2.0
1143.0,1.0
1143.0,2.0
1143.0,2.0
1143.0,2.0
1143.0,3.0
1143.0,2.0
1143.0,3.0
1143.0,2.0
1143.0,2.0
1143.0,2.0
1143.0,2.0
1143.0,2.0
1143.0,2.0
1143.0,3.0
1143.0,3.0
1143.0,2.0
1143.0,2.0
1143.0,2.0
1143.0,1.0
1143.0,1.0
1143.0,2.0
1143.0,4.0
144.0,4.0
144.0,5.0
144.0,5.0
144.0,4.0
144.0,5.0
144.0,4.0
144.0,5.0
144.0,5.0
144.0,5.0
144.0,4.0
144.0,5.0
144.0,5.0
144.0,4.0
144.0,4.0
144.0,3.0
144.0,4.0
144.0,5.0
144.0,5.0
144.0,4.0
144.0,5.0
144.0,4.0
144.0,5.0
144.0,4.0
144.0,5.0
145.0,2.0
145.0,1.0
145.0,1.0
145.0,3.0
145.0,1.0
145.0,2.0
145.0,3.0
145.0,2.0
145.0,2.0
145.0,2.0
145.0,2.0
145.0,1.0
145.0,2.0
145.0,2.0
145.0,1.0
145.0,3.0
145.0,3.0
145.0,2.0
145.0,1.0
145.0,2.0
145.0,2.0
145.0,2.0
145.0,1.0
145.0,2.0
146.0,3.0
146.0,4.0
146.0,4.0
146.0,4.0
146.0,4.0
146.0,4.0
146.0,4.0
146.0,5.0
146.0,4.0
146.0,4.0
146.0,3.0
146.0,4.0
146.0,3.0
146.0,3.0
146.0,2.0
146.0,3.0
146.0,5.0
146.0,3.0
146.0,2.0
146.0,4.0
146.0,4.0
146.0,5.0
146.0,4.0
146.0,5.0
147.0,3.0
147.0,4.0
147.0,4.0
147.0,4.0
147.0,3.0
147.0,3.0
147.0,4.0
147.0,4.0
147.0,4.0
147.0,4.0
147.0,3.0
147.0,4.0
147.0,3.0
147.0,4.0
147.0,3.0
147.0,3.0
147.0,4.0
147.0,3.0
147.0,3.0
147.0,4.0
147.0,4.0
147.0,4.0
147.0,4.0
147.0,5.0
148.0,4.0
148.0,4.0
148.0,4.0
148.0,4.0
148.0,3.0
148.0,4.0
148.0,3.0
148.0,5.0
148.0,5.0
148.0,4.0
148.0,3.0
148.0,5.0
148.0,4.0
148.0,4.0
148.0,4.0
148.0,4.0
148.0,4.0
148.0,3.0
148.0,3.0
148.0,5.0
148.0,4.0
148.0,5.0
148.0,4.0
148.0,4.0
149.0,4.0
149.0,5.0
149.0,5.0
149.0,5.0
149.0,4.0
149.0,5.0
149.0,5.0
149.0,5.0
149.0,5.0
149.0,5.0
149.0,4.0
149.0,5.0
149.0,5.0
149.0,4.0
149.0,5.0
149.0,4.0
149.0,5.0
149.0,2.0
149.0,4.0
149.0,5.0
149.0,5.0
149.0,5.0
149.0,5.0
149.0,5.0
150.0,5.0
150.0,5.0
150.0,5.0
150.0,5.0
150.0,5.0
150.0,5.0
150.0,5.0
150.0,5.0
150.0,5.0
150.0,5.0
150.0,5.0
150.0,5.0
150.0,5.0
150.0,5.0
150.0,4.0
150.0,5.0
150.0,5.0
150.0,5.0
150.0,5.0
150.0,5.0
150.0,5.0
150.0,5.0
150.0,5.0
150.0,5.0
151.0,4.0
151.0,4.0
151.0,5.0
151.0,5.0
151.0,2.0
151.0,5.0
151.0,4.0
151.0,4.0
151.0,5.0
151.0,5.0
151.0,3.0
151.0,5.0
151.0,5.0
151.0,4.0
151.0,3.0
151.0,4.0
151.0,5.0
151.0,4.0
151.0,4.0
151.0,5.0
151.0,5.0
151.0,4.0
151.0,4.0
151.0,5.0
152.0,3.0
152.0,4.0
152.0,3.0
152.0,3.0
152.0,2.0
152.0,4.0
152.0,4.0
152.0,3.0
152.0,3.0
152.0,5.0
152.0,2.0
152.0,4.0
152.0,3.0
152.0,3.0
152.0,2.0
152.0,4.0
152.0,3.0
152.0,3.0
152.0,3.0
152.0,4.0
152.0,2.0
152.0,3.0
152.0,3.0
152.0,2.0
153.0,3.0
153.0,4.0
153.0,3.0
153.0,3.0
153.0,2.0
153.0,4.0
153.0,3.0
153.0,4.0
153.0,3.0
153.0,4.0
153.0,2.0
153.0,3.0
153.0,3.0
153.0,3.0
153.0,1.0
153.0,3.0
153.0,4.0
153.0,4.0
153.0,3.0
153.0,3.0
153.0,3.0
153.0,2.0
153.0,1.0
153.0,4.0
154.0,2.0
154.0,3.0
154.0,1.0
154.0,2.0
154.0,1.0
154.0,2.0
154.0,2.0
154.0,2.0
154.0,1.0
154.0,3.0
154.0,2.0
154.0,1.0
154.0,1.0
154.0,1.0
154.0,1.0
154.0,1.0
154.0,3.0
154.0,3.0
154.0,2.0
154.0,2.0
154.0,1.0
154.0,2.0
154.0,1.0
154.0,1.0
155.0,5.0
155.0,5.0
155.0,5.0
155.0,5.0
155.0,4.0
155.0,5.0
155.0,5.0
155.0,5.0
155.0,4.0
155.0,4.0
155.0,5.0
155.0,5.0
155.0,5.0
155.0,4.0
155.0,4.0
155.0,4.0
155.0,5.0
155.0,5.0
155.0,4.0
155.0,5.0
155.0,5.0
155.0,4.0
155.0,4.0
155.0,5.0
156.0,4.0
156.0,5.0
156.0,5.0
156.0,5.0
156.0,4.0
156.0,5.0
156.0,5.0
156.0,5.0
156.0,4.0
156.0,4.0
156.0,4.0
156.0,5.0
156.0,5.0
156.0,4.0
156.0,5.0
156.0,5.0
156.0,4.0
156.0,4.0
156.0,4.0
156.0,5.0
156.0,5.0
156.0,4.0
156.0,4.0
156.0,5.0
157.0,1.0
157.0,1.0
157.0,1.0
157.0,1.0
157.0,1.0
157.0,1.0
157.0,2.0
157.0,1.0
157.0,2.0
157.0,1.0
157.0,2.0
157.0,1.0
157.0,1.0
157.0,1.0
157.0,1.0
157.0,1.0
157.0,1.0
157.0,2.0
157.0,1.0
157.0,1.0
157.0,1.0
157.0,1.0
157.0,1.0
157.0,1.0
158.0,4.0
158.0,5.0
158.0,5.0
158.0,3.0
158.0,3.0
158.0,4.0
158.0,5.0
158.0,4.0
158.0,5.0
158.0,4.0
158.0,4.0
158.0,5.0
158.0,5.0
158.0,4.0
158.0,4.0
158.0,4.0
158.0,5.0
158.0,4.0
158.0,4.0
158.0,5.0
158.0,4.0
158.0,4.0
158.0,5.0
158.0,5.0
159.0,3.0
159.0,4.0
159.0,4.0
159.0,3.0
159.0,2.0
159.0,4.0
159.0,4.0
159.0,3.0
159.0,3.0
159.0,4.0
159.0,3.0
159.0,2.0
159.0,3.0
159.0,3.0
159.0,2.0
159.0,3.0
159.0,3.0
159.0,3.0
159.0,3.0
159.0,3.0
159.0,2.0
159.0,3.0
159.0,3.0
159.0,4.0
160.0,4.0
160.0,3.0
160.0,3.0
160.0,2.0
160.0,3.0
160.0,3.0
160.0,3.0
160.0,2.0
160.0,3.0
160.0,3.0
160.0,2.0
160.0,3.0
160.0,3.0
160.0,3.0
160.0,1.0
160.0,2.0
160.0,2.0
160.0,3.0
160.0,2.0
160.0,3.0
160.0,2.0
160.0,2.0
160.0,2.0
160.0,3.0
161.0,3.0
161.0,4.0
161.0,5.0
161.0,3.0
161.0,4.0
161.0,4.0
161.0,3.0
161.0,4.0
161.0,4.0
161.0,5.0
161.0,4.0
161.0,4.0
161.0,5.0
161.0,4.0
161.0,3.0
161.0,4.0
161.0,4.0
161.0,3.0
161.0,3.0
161.0,4.0
161.0,4.0
161.0,3.0
161.0,3.0
161.0,4.0
162.0,5.0
162.0,5.0
162.0,5.0
162.0,5.0
162.0,5.0
162.0,4.0
162.0,5.0
162.0,5.0
162.0,5.0
162.0,5.0
162.0,5.0
162.0,4.0
162.0,4.0
162.0,5.0
162.0,5.0
162.0,5.0
162.0,5.0
162.0,5.0
162.0,5.0
162.0,5.0
162.0,3.0
162.0,5.0
162.0,5.0
162.0,5.0
163.0,1.0
163.0,2.0
163.0,1.0
163.0,1.0
163.0,2.0
163.0,2.0
163.0,2.0
163.0,2.0
163.0,1.0
163.0,2.0
163.0,1.0
163.0,1.0
163.0,1.0
163.0,1.0
163.0,1.0
163.0,1.0
163.0,2.0
163.0,2.0
163.0,1.0
163.0,2.0
163.0,2.0
163.0,1.0
163.0,1.0
163.0,2.0
164.0,5.0
164.0,4.0
164.0,5.0
164.0,4.0
164.0,4.0
164.0,4.0
164.0,4.0
164.0,4.0
164.0,3.0
164.0,4.0
164.0,3.0
164.0,4.0
164.0,3.0
164.0,3.0
164.0,3.0
164.0,4.0
164.0,4.0
164.0,4.0
164.0,4.0
164.0,5.0
164.0,2.0
164.0,4.0
164.0,4.0
164.0,5.0
165.0,5.0
165.0,4.0
165.0,5.0
165.0,5.0
165.0,5.0
165.0,5.0
165.0,4.0
165.0,5.0
165.0,5.0
165.0,4.0
165.0,5.0
165.0,4.0
165.0,3.0
165.0,4.0
165.0,4.0
165.0,5.0
165.0,5.0
165.0,4.0
165.0,4.0
165.0,4.0
165.0,3.0
165.0,4.0
165.0,4.0
165.0,5.0
166.0,3.0
166.0,4.0
166.0,3.0
166.0,2.0
166.0,2.0
166.0,2.0
166.0,2.0
166.0,2.0
166.0,3.0
166.0,3.0
166.0,2.0
166.0,3.0
166.0,2.0
166.0,2.0
166.0,2.0
166.0,2.0
166.0,3.0
166.0,3.0
166.0,2.0
166.0,2.0
166.0,2.0
166.0,2.0
166.0,1.0
166.0,2.0
167.0,5.0
167.0,5.0
167.0,5.0
167.0,5.0
167.0,5.0
167.0,5.0
167.0,5.0
167.0,5.0
167.0,4.0
167.0,5.0
167.0,4.0
167.0,5.0
167.0,5.0
167.0,4.0
167.0,5.0
167.0,4.0
167.0,5.0
167.0,3.0
167.0,3.0
167.0,5.0
167.0,4.0
167.0,5.0
167.0,5.0
167.0,5.0
